category,L3_mean_attention,L9_mean_attention,attention_difference,num_tokens
opponent_actions,0.001359403133392334,0.0019453763961791992,0.0005859732627868652,1
payoffs,0.0006779320538043976,0.0009263133009274801,0.00024838124712308246,6
other,0.004875612974751229,0.00486535253916301,-1.0260435588219587e-05,204
