category,L3_mean_attention,L9_mean_attention,attention_difference,num_tokens
opponent_actions,0.0013302862644195557,0.001791924238204956,0.0004616379737854004,1
payoffs,0.000651766856511434,0.0008472949266433716,0.00019552807013193765,6
other,0.004876285974009365,0.004868113198408894,-8.172775600470749e-06,204
