layer,component,mean_abs_change
8,L8_MLP,0.0009613037109375
9,L9_MLP,0.000652313232421875
