,Strategic,Deontological,Utilitarian,Hybrid
Strategic,1.0000000000000004,0.9965637015885289,0.9968698790242009,0.993452946792268
Deontological,0.9965637015885289,1.0,0.9933570161449345,0.9935121462737494
Utilitarian,0.9968698790242009,0.9933570161449345,1.0000000000000002,0.9932786645084822
Hybrid,0.993452946792268,0.9935121462737494,0.9932786645084822,1.0000000000000002
