{
  "CC_continue": {
    "base": [
      -7.5,
      -2.5,
      -1.875,
      -0.2916666666666667,
      -3.3125,
      -3.3125,
      -4.552083333333333,
      -5.109375,
      -4.677083333333333,
      -5.927083333333333,
      -5.7578125,
      -3.890625,
      -3.8671875,
      -2.7708333333333335,
      -2.7096354166666665,
      -0.7604166666666666,
      -0.057291666666666664,
      -1.5989583333333333,
      -2.1536458333333335,
      -2.8515625,
      -1.94140625,
      -1.56640625,
      -1.5625,
      -2.2083333333333335,
      -1.6666666666666667,
      -1.3854166666666667
    ],
    "PT2_COREDe": [
      -7.5,
      -2.5,
      -1.875,
      -0.25,
      -3.3333333333333335,
      -3.4166666666666665,
      -4.53125,
      -5.09375,
      -4.640625,
      -5.890625,
      -5.744791666666667,
      -3.8619791666666665,
      -3.8307291666666665,
      -2.7786458333333335,
      -2.708984375,
      -0.734375,
      -0.041666666666666664,
      -1.5494791666666667,
      -2.1510416666666665,
      -2.8971354166666665,
      -2.04296875,
      -1.67333984375,
      -1.5625,
      -2.2708333333333335,
      -1.7708333333333333,
      -1.4479166666666667
    ],
    "PT3_COREDe": [
      -7.5,
      -2.5,
      -1.875,
      -0.3333333333333333,
      -3.25,
      -3.3541666666666665,
      -4.520833333333333,
      -5.109375,
      -4.661458333333333,
      -5.921875,
      -5.7578125,
      -3.8697916666666665,
      -3.8125,
      -2.7395833333333335,
      -2.671875,
      -0.7135416666666666,
      -0.052083333333333336,
      -1.5260416666666667,
      -2.2109375,
      -2.89453125,
      -2.0481770833333335,
      -1.673828125,
      -1.6041666666666667,
      -2.25,
      -1.75,
      -1.4375
    ],
    "PT3_COREUt": [
      -7.5,
      -2.5,
      -1.875,
      -0.2916666666666667,
      -3.25,
      -3.25,
      -4.510416666666667,
      -5.088541666666667,
      -4.630208333333333,
      -5.953125,
      -5.755208333333333,
      -3.8723958333333335,
      -3.8333333333333335,
      -2.7291666666666665,
      -2.6861979166666665,
      -0.75,
      -0.03125,
      -1.4973958333333333,
      -2.1822916666666665,
      -2.8541666666666665,
      -1.9876302083333333,
      -1.6233723958333333,
      -1.625,
      -2.25,
      -1.75,
      -1.4479166666666667
    ],
    "PT4_COREDe": [
      -7.5,
      -2.5,
      -1.7916666666666667,
      -0.375,
      -3.3125,
      -3.3125,
      -4.510416666666667,
      -5.098958333333333,
      -4.625,
      -5.911458333333333,
      -5.723958333333333,
      -3.859375,
      -3.7916666666666665,
      -2.7421875,
      -2.6848958333333335,
      -0.7083333333333334,
      -0.046875,
      -1.5442708333333333,
      -2.1783854166666665,
      -2.88671875,
      -2.0078125,
      -1.6484375,
      -1.6041666666666667,
      -2.1666666666666665,
      -1.75,
      -1.4166666666666667
    ]
  },
  "CC_temptation": {
    "base": [
      -7.5,
      -2.5833333333333335,
      -2.0,
      -0.375,
      -3.2083333333333335,
      -3.2291666666666665,
      -4.510416666666667,
      -5.026041666666667,
      -4.546875,
      -5.703125,
      -5.5234375,
      -3.8515625,
      -3.6901041666666665,
      -2.3619791666666665,
      -2.609375,
      -0.6796875,
      0.6640625,
      -1.0875651041666667,
      -0.8880208333333334,
      -1.5364583333333333,
      -0.49609375,
      -0.5,
      -0.625,
      -1.125,
      -0.8541666666666666,
      -0.9375
    ],
    "PT2_COREDe": [
      -7.666666666666667,
      -2.5833333333333335,
      -2.0,
      -0.375,
      -3.2291666666666665,
      -3.2083333333333335,
      -4.489583333333333,
      -5.046875,
      -4.557291666666667,
      -5.716145833333333,
      -5.528645833333333,
      -3.8489583333333335,
      -3.6848958333333335,
      -2.3684895833333335,
      -2.59375,
      -0.6354166666666666,
      0.6354166666666666,
      -1.0865885416666667,
      -0.953125,
      -1.6354166666666667,
      -0.587890625,
      -0.5572916666666666,
      -0.75,
      -1.2083333333333333,
      -0.8541666666666666,
      -0.8958333333333334
    ],
    "PT3_COREDe": [
      -7.5,
      -2.5833333333333335,
      -2.0,
      -0.5,
      -3.3125,
      -3.1666666666666665,
      -4.510416666666667,
      -5.026041666666667,
      -4.552083333333333,
      -5.705729166666667,
      -5.5,
      -3.8385416666666665,
      -3.703125,
      -2.4036458333333335,
      -2.6119791666666665,
      -0.6510416666666666,
      0.6458333333333334,
      -1.0916341145833333,
      -0.890625,
      -1.5520833333333333,
      -0.5065104166666666,
      -0.4739583333333333,
      -0.6666666666666666,
      -1.0416666666666667,
      -0.8125,
      -0.8333333333333334
    ],
    "PT3_COREUt": [
      -7.5,
      -2.6666666666666665,
      -1.9166666666666667,
      -0.375,
      -3.2708333333333335,
      -3.1875,
      -4.5,
      -5.057291666666667,
      -4.536458333333333,
      -5.6875,
      -5.5078125,
      -3.8385416666666665,
      -3.6848958333333335,
      -2.375,
      -2.6276041666666665,
      -0.6484375,
      0.6614583333333334,
      -1.087890625,
      -0.9609375,
      -1.6184895833333333,
      -0.5696614583333334,
      -0.53125,
      -0.7083333333333334,
      -1.2083333333333333,
      -0.9375,
      -0.9375
    ],
    "PT4_COREDe": [
      -7.5,
      -2.6666666666666665,
      -1.9583333333333333,
      -0.375,
      -3.2916666666666665,
      -3.2291666666666665,
      -4.46875,
      -5.015625,
      -4.552083333333333,
      -5.705729166666667,
      -5.486979166666667,
      -3.8359375,
      -3.6979166666666665,
      -2.3854166666666665,
      -2.6380208333333335,
      -0.6848958333333334,
      0.6354166666666666,
      -1.1002604166666667,
      -0.9817708333333334,
      -1.609375,
      -0.57421875,
      -0.546875,
      -0.6875,
      -1.0833333333333333,
      -0.875,
      -0.9166666666666666
    ]
  },
  "CD_punished": {
    "base": [
      -7.5,
      -2.5,
      -1.9166666666666667,
      -0.375,
      -3.2708333333333335,
      -3.375,
      -4.552083333333333,
      -5.088541666666667,
      -4.635416666666667,
      -5.854166666666667,
      -5.697916666666667,
      -3.8567708333333335,
      -3.8333333333333335,
      -2.5234375,
      -2.203125,
      -0.515625,
      0.11979166666666667,
      -1.5885416666666667,
      -1.7470703125,
      -2.6813151041666665,
      -1.8990885416666667,
      -1.4856770833333333,
      -1.4375,
      -2.0416666666666665,
      -1.6041666666666667,
      -1.375
    ],
    "PT2_COREDe": [
      -7.5,
      -2.5,
      -1.875,
      -0.3333333333333333,
      -3.3125,
      -3.3125,
      -4.541666666666667,
      -5.078125,
      -4.625,
      -5.869791666666667,
      -5.723958333333333,
      -3.8697916666666665,
      -3.8932291666666665,
      -2.5442708333333335,
      -2.2005208333333335,
      -0.5520833333333334,
      0.06770833333333333,
      -1.6402994791666667,
      -1.9368489583333333,
      -2.7884114583333335,
      -2.0215657552083335,
      -1.5494791666666667,
      -1.5208333333333333,
      -2.2083333333333335,
      -1.7083333333333333,
      -1.4166666666666667
    ],
    "PT3_COREDe": [
      -7.5,
      -2.5,
      -1.9166666666666667,
      -0.375,
      -3.2708333333333335,
      -3.3333333333333335,
      -4.541666666666667,
      -5.072916666666667,
      -4.619791666666667,
      -5.859375,
      -5.716145833333333,
      -3.8958333333333335,
      -3.9140625,
      -2.5729166666666665,
      -2.2259114583333335,
      -0.5104166666666666,
      0.125,
      -1.6100260416666667,
      -1.75390625,
      -2.681640625,
      -1.9290364583333333,
      -1.5013020833333333,
      -1.4583333333333333,
      -2.0416666666666665,
      -1.6666666666666667,
      -1.4270833333333333
    ],