{
  "CC_continue": {
    "base": [
      -7.5,
      -2.4791666666666665,
      -1.8802083333333333,
      -0.328125,
      -3.2630208333333335,
      -3.328125,
      -4.514322916666667,
      -5.0625,
      -4.642578125,
      -5.904947916666667,
      -5.7509765625,
      -3.8655598958333335,
      -3.8450520833333335,
      -2.7760416666666665,
      -2.7086588541666665,
      -0.7109375,
      -0.029947916666666668,
      -1.5602213541666667,
      -2.1580403645833335,
      -2.8557942708333335,
      -1.9798177083333333,
      -1.6103515625,
      -1.5625,
      -2.2083333333333335,
      -1.7213541666666667,
      -1.3971354166666667
    ],
    "PT2_COREDe": [
      -7.4375,
      -2.5,
      -1.8854166666666667,
      -0.3385416666666667,
      -3.1822916666666665,
      -3.21875,
      -4.48046875,
      -4.987630208333333,
      -4.625651041666667,
      -6.009765625,
      -5.667643229166667,
      -3.5110677083333335,
      -3.4137369791666665,
      -2.2880859375,
      -2.2103678385416665,
      -0.4088541666666667,
      -0.2682291666666667,
      -0.7799479166666666,
      -4.511067708333333,
      -1.7955729166666667,
      -1.14453125,
      -0.5478515625,
      -0.6315104166666666,
      0.3125,
      0.6484375,
      0.7265625
    ],
    "PT3_COREDe": [
      -7.458333333333333,
      -2.5208333333333335,
      -1.9270833333333333,
      -0.3958333333333333,
      -3.2421875,
      -3.3177083333333335,
      -4.55859375,
      -5.012369791666667,
      -4.333333333333333,
      -5.354817708333333,
      -5.2802734375,
      -3.7141927083333335,
      -4.029296875,
      -2.7379557291666665,
      -2.638331095377604,
      -0.8645833333333334,
      -0.9348958333333334,
      -2.45703125,
      -6.204427083333333,
      -7.359375,
      -7.088541666666667,
      -6.577799479166667,
      -7.126953125,
      -6.8359375,
      -5.805989583333333,
      -4.016276041666667
    ],
    "PT3_COREUt": [
      -7.479166666666667,
      -2.4479166666666665,
      -1.9166666666666667,
      -0.3645833333333333,
      -3.28125,
      -3.3671875,
      -4.510416666666667,
      -5.080078125,
      -4.5859375,
      -5.5234375,
      -5.573567708333333,
      -3.6764322916666665,
      -3.9697265625,
      -2.6123046875,
      -2.99285888671875,
      -1.11328125,
      -0.6455078125,
      -1.5663248697916667,
      -4.068929036458333,
      -4.878336588541667,
      -4.347696940104167,
      -3.6783854166666665,
      -3.2981770833333335,
      -3.6848958333333335,
      -2.7630208333333335,
      -1.6692708333333333
    ],
    "PT4_COREDe": [
      -7.5,
      -2.46875,
      -1.859375,
      -0.2760416666666667,
      -3.15625,
      -3.2786458333333335,
      -4.520833333333333,
      -5.01171875,
      -4.603515625,
      -5.531901041666667,
      -5.296223958333333,
      -3.0414225260416665,
      -3.3284505208333335,
      -2.2109375,
      -3.1080729166666665,
      -1.3186848958333333,
      -1.9495442708333333,
      -2.8844401041666665,
      -9.220052083333334,
      -9.616861979166666,
      -9.15643310546875,
      -8.425211588541666,
      -8.776041666666666,
      -8.71875,
      -7.723958333333333,
      -3.9427083333333335
    ]
  },
  "CC_temptation": {
    "base": [
      -7.5625,
      -2.5729166666666665,
      -1.9635416666666667,
      -0.40625,
      -3.2552083333333335,
      -3.1901041666666665,
      -4.481770833333333,
      -5.026692708333333,
      -4.55859375,
      -5.672200520833333,
      -5.488932291666667,
      -3.8294270833333335,
      -3.6845703125,
      -2.3650716145833335,
      -2.609375,
      -0.6640625,
      0.6412760416666666,
      -1.1002604166666667,
      -0.93359375,
      -1.6227213541666667,
      -0.5833333333333334,
      -0.572265625,
      -0.7317708333333334,
      -1.1875,
      -0.90625,
      -0.9375
    ],
    "PT2_COREDe": [
      -7.5625,
      -2.6041666666666665,
      -1.984375,
      -0.4270833333333333,
      -3.1927083333333335,
      -3.0703125,
      -4.454427083333333,
      -4.9453125,
      -4.5390625,
      -5.8037109375,
      -5.457356770833333,
      -3.4850260416666665,
      -3.3128255208333335,
      -1.8037109375,
      -2.0211995442708335,
      -0.2513020833333333,
      1.2434895833333333,
      0.1171875,
      3.8450520833333335,
      5.920572916666667,
      8.228597005208334,
      8.0419921875,
      7.828125,
      8.447916666666666,
      8.1171875,
      5.6328125
    ],
    "PT3_COREDe": [
      -7.5625,
      -2.625,
      -2.0572916666666665,
      -0.5104166666666666,
      -3.2578125,
      -3.1848958333333335,
      -4.548177083333333,
      -4.975911458333333,
      -4.257161458333333,
      -5.145182291666667,
      -5.036783854166667,
      -3.7042643229166665,
      -3.9417317708333335,
      -2.2779947916666665,
      -2.5267740885416665,
      -0.7975260416666666,
      -0.24479166666666666,
      -2.0026041666666665,
      -4.95703125,
      -6.576822916666667,
      -6.213541666666667,
      -5.634602864583333,
      -6.404947916666667,
      -5.739583333333333,
      -4.89453125,
      -3.4166666666666665
    ],
    "PT3_COREUt": [
      -7.541666666666667,
      -2.5729166666666665,
      -2.0208333333333335,
      -0.453125,
      -3.265625,
      -3.21875,
      -4.502604166666667,
      -5.059244791666667,
      -4.495442708333333,
      -5.280924479166667,
      -5.351888020833333,
      -3.7060546875,
      -3.8639322916666665,
      -2.3063151041666665,
      -2.8154703776041665,
      -1.037109375,
      -0.10384114583333333,
      -1.2079569498697917,
      -3.3821614583333335,
      -4.358723958333333,
      -3.6112263997395835,
      -3.0513102213541665,
      -2.8619791666666665,
      -3.0572916666666665,
      -2.3125,
      -1.4296875
    ],
    "PT4_COREDe": [
      -7.5625,
      -2.5729166666666665,
      -1.96875,
      -0.3854166666666667,
      -3.171875,
      -3.1510416666666665,
      -4.510416666666667,
      -4.977864583333333,
      -4.490234375,
      -5.318359375,
      -5.099609375,
      -3.0543619791666665,
      -3.2107747395833335,
      -1.4602864583333333,
      -2.2740885416666665,
      -0.5475260416666666,
      -1.1944173177083333,
      -2.356689453125,
      -7.966145833333333,
      -8.703450520833334,
      -7.621744791666667,
      -6.600911458333333,
      -6.875,
      -6.395833333333333,
      -5.598958333333333,
      -2.796875
    ]
  },
  "CD_punished": {
    "base": [
      -7.479166666666667,
      -2.5,
      -1.890625,
      -0.3489583333333333,
      -3.2786458333333335,
      -3.3359375,
      -4.518229166666667,
      -5.044921875,
      -4.602864583333333,
      -5.825520833333333,
      -5.684895833333333,
      -3.8697916666666665,
      -3.9186197916666665,
      -2.5569661458333335,
      -2.2073567708333335,
      -0.5065104166666666,
      0.078125,
      -1.6460774739583333,
      -1.8092041015625,
      -2.7351481119791665,
      -1.9535319010416667,
      -1.5030924479166667,
      -1.4921875,
      -2.109375,
      -1.6614583333333333,
      -1.4140625
    ],
    "PT2_COREDe": [
      -7.458333333333333,
      -2.53125,
      -1.9375,
      -0.3854166666666667,
      -3.2161458333333335,
      -3.2239583333333335,
      -4.477864583333333,
      -4.959635416666667,
      -4.586588541666667,
      -5.939453125,
      -5.626302083333333,
      -3.5146484375,
      -3.4456380208333335,
      -1.94921875,
      -1.6022135416666667,
      -0.03125,
      0.3307291666666667,
      -0.3958333333333333,
      -3.4264322916666665,
      -0.4635416666666667,
      0.337890625,
      0.9248250325520834,
      0.7213541666666666,
      1.703125,
      1.9583333333333333,
      1.58984375
    ],