{
  "CC_continue": {
    "base": [
      -9.5,
      -4.0,
      -5.708333333333333,
      -0.875,
      -4.666666666666667,
      -3.875,
      -5.416666666666667,
      -1.8020833333333333,
      -1.3072916666666667,
      -2.720703125,
      -3.734375,
      -2.9791666666666665,
      -4.049479166666667,
      -4.197916666666667,
      -2.3697916666666665,
      -1.8489583333333333,
      -0.559814453125,
      -0.10677083333333333,
      -0.8541666666666666,
      -2.1953125,
      -0.6298828125,
      -1.2395833333333333,
      -1.296875,
      -1.9583333333333333,
      -0.9791666666666666,
      -1.328125
    ],
    "PT2_COREDe": [
      -8.5,
      -4.0,
      -5.666666666666667,
      -0.875,
      -4.75,
      -3.7916666666666665,
      -5.458333333333333,
      -1.7708333333333333,
      -1.2916666666666667,
      -2.7184244791666665,
      -3.732421875,
      -2.984375,
      -4.041015625,
      -4.190104166666667,
      -2.4388020833333335,
      -1.9270833333333333,
      -0.6151123046875,
      -0.15494791666666666,
      -0.875,
      -2.2213541666666665,
      -0.640625,
      -1.2291666666666667,
      -1.296875,
      -1.96875,
      -0.9791666666666666,
      -1.3125
    ],
    "PT3_COREDe": [
      -8.5,
      -4.333333333333333,
      -5.75,
      -0.875,
      -4.666666666666667,
      -4.0,
      -5.416666666666667,
      -1.7708333333333333,
      -1.28125,
      -2.7037760416666665,
      -3.701171875,
      -2.9593505859375,
      -4.024088541666667,
      -4.1875,
      -2.3997395833333335,
      -1.8723958333333333,
      -0.564697265625,
      -0.11328125,
      -0.8541666666666666,
      -2.2044270833333335,
      -0.6448567708333334,
      -1.21875,
      -1.2604166666666667,
      -1.9895833333333333,
      -0.9895833333333334,
      -1.3125
    ],
    "PT3_COREUt": [
      -8.833333333333334,
      -4.0,
      -5.75,
      -0.8333333333333334,
      -4.75,
      -3.9166666666666665,
      -5.416666666666667,
      -1.75,
      -1.296875,
      -2.7112630208333335,
      -3.7278645833333335,
      -2.9730631510416665,
      -4.053385416666667,
      -4.221354166666667,
      -2.390625,
      -1.8619791666666667,
      -0.5626500447591146,
      -0.10807291666666667,
      -0.859375,
      -2.1953125,
      -0.6458333333333334,
      -1.2083333333333333,
      -1.28125,
      -2.0208333333333335,
      -0.9791666666666666,
      -1.3125
    ],
    "PT4_COREDe": [
      -8.833333333333334,
      -4.166666666666667,
      -5.791666666666667,
      -0.8333333333333334,
      -4.666666666666667,
      -3.9166666666666665,
      -5.375,
      -1.7604166666666667,
      -1.265625,
      -2.7395833333333335,
      -3.7526041666666665,
      -2.9820556640625,
      -4.051432291666667,
      -4.213541666666667,
      -2.4309895833333335,
      -1.88671875,
      -0.5714518229166666,
      -0.10481770833333333,
      -0.84375,
      -2.1979166666666665,
      -0.623046875,
      -1.2395833333333333,
      -1.265625,
      -1.96875,
      -1.0,
      -1.328125
    ]
  },
  "CC_temptation": {
    "base": [
      -9.166666666666666,
      -4.0,
      -5.791666666666667,
      -1.0,
      -5.0,
      -3.7916666666666665,
      -5.822916666666667,
      -2.0833333333333335,
      -1.6614583333333333,
      -2.9427083333333335,
      -4.091145833333333,
      -2.3268229166666665,
      -4.046875,
      -2.8515625,
      -1.7205403645833333,
      -1.447265625,
      -0.2760416666666667,
      -0.0498046875,
      -0.19791666666666666,
      -2.28125,
      -0.5611979166666666,
      -1.5520833333333333,
      -2.0208333333333335,
      -2.96875,
      -1.4791666666666667,
      -1.5520833333333333
    ],
    "PT2_COREDe": [
      -9.5,
      -4.5,
      -5.875,
      -0.875,
      -5.0,
      -3.875,
      -5.822916666666667,
      -2.0625,
      -1.6145833333333333,
      -2.890625,
      -4.075520833333333,
      -2.3470052083333335,
      -4.057291666666667,
      -2.859375,
      -1.7106119791666667,
      -1.4446614583333333,
      -0.2810872395833333,
      -0.037434895833333336,
      -0.17708333333333334,
      -2.2669270833333335,
      -0.54296875,
      -1.53125,
      -1.9895833333333333,
      -2.9791666666666665,
      -1.4791666666666667,
      -1.546875
    ],
    "PT3_COREDe": [
      -9.0,
      -4.5,
      -5.958333333333333,
      -0.9583333333333334,
      -5.0,
      -3.8333333333333335,
      -5.854166666666667,
      -2.0729166666666665,
      -1.5885416666666667,
      -2.8932291666666665,
      -4.059895833333333,
      -2.3333333333333335,
      -4.044270833333333,
      -2.8958333333333335,
      -1.7727864583333333,
      -1.4889322916666667,
      -0.29736328125,
      -0.0732421875,
      -0.21875,
      -2.3059895833333335,
      -0.5846354166666666,
      -1.59375,
      -2.0208333333333335,
      -2.9791666666666665,
      -1.5,
      -1.5416666666666667
    ],
    "PT3_COREUt": [
      -9.166666666666666,
      -4.166666666666667,
      -5.75,
      -0.875,
      -5.0,
      -3.8333333333333335,
      -5.791666666666667,
      -2.0520833333333335,
      -1.5625,
      -2.8880208333333335,
      -4.0625,
      -2.3297526041666665,
      -4.028645833333333,
      -2.8359375,
      -1.7294921875,
      -1.4720052083333333,
      -0.2979329427083333,
      -0.054036458333333336,
      -0.1875,
      -2.26953125,
      -0.5598958333333334,
      -1.59375,
      -2.0208333333333335,
      -2.9791666666666665,
      -1.5208333333333333,
      -1.5729166666666667
    ],
    "PT4_COREDe": [
      -8.5,
      -4.5,
      -5.833333333333333,
      -1.0,
      -4.916666666666667,
      -3.875,
      -5.875,
      -2.0729166666666665,
      -1.6145833333333333,
      -2.9296875,
      -4.057291666666667,
      -2.3346354166666665,
      -4.0234375,
      -2.8645833333333335,
      -1.7295735677083333,
      -1.4609375,
      -0.28534698486328125,
      -0.021158854166666668,
      -0.13541666666666666,
      -2.2291666666666665,
      -0.521484375,
      -1.5729166666666667,
      -2.0052083333333335,
      -3.0104166666666665,
      -1.5208333333333333,
      -1.5625
    ]
  },
  "CD_punished": {
    "base": [
      -9.0,
      -4.333333333333333,
      -5.708333333333333,
      -0.875,
      -4.708333333333333,
      -3.75,
      -5.333333333333333,
      -1.6354166666666667,
      -1.2135416666666667,
      -2.4576822916666665,
      -3.4397786458333335,
      -2.734375,
      -3.9401041666666665,
      -3.6510416666666665,
      -2.0247395833333335,
      -1.5651041666666667,
      -0.34228515625,
      0.2672526041666667,
      -0.13541666666666666,
      -2.0930989583333335,
      -0.4557291666666667,
      -0.8333333333333334,
      -0.8229166666666666,
      -1.3541666666666667,
      -0.8541666666666666,
      -1.3125
    ],
    "PT2_COREDe": [
      -9.0,
      -4.333333333333333,
      -5.791666666666667,
      -0.875,
      -4.75,
      -3.75,
      -5.291666666666667,
      -1.6458333333333333,
      -1.203125,
      -2.4412434895833335,
      -3.4342447916666665,
      -2.759765625,
      -3.9137369791666665,
      -3.578125,
      -1.9847005208333333,
      -1.5416666666666667,
      -0.35302734375,
      0.22916666666666666,
      -0.16145833333333334,
      -2.08984375,
      -0.4348958333333333,
      -0.84375,
      -0.8385416666666666,
      -1.375,
      -0.84375,
      -1.3229166666666667
    ],
    "PT3_COREDe": [
      -9.0,
      -4.0,
      -5.75,
      -0.875,
      -4.708333333333333,
      -3.75,
      -5.3125,
      -1.65625,
      -1.1822916666666667,
      -2.4371744791666665,
      -3.4300944010416665,
      -2.728515625,
      -3.904541015625,
      -3.6067708333333335,
      -2.0354817708333335,
      -1.56640625,
      -0.37744140625,
      0.26171875,
      -0.13541666666666666,
      -2.0774739583333335,
      -0.4270833333333333,
      -0.8177083333333334,
      -0.8177083333333334,
      -1.3645833333333333,
      -0.84375,
      -1.3125
    ],