{
  "CC_continue": {
    "base": [
      -9.5,
      -4.166666666666667,
      -5.875,
      -0.8333333333333334,
      -4.75,
      -3.9583333333333335,
      -5.333333333333333,
      -1.6979166666666667,
      -0.6875,
      -1.8359375,
      -2.861328125,
      -2.0755208333333335,
      -3.8645833333333335,
      -3.6901041666666665,
      -2.0625,
      -1.9752604166666667,
      0.14192708333333334,
      0.037760416666666664,
      -0.2864583333333333,
      -0.65625,
      0.8958333333333334,
      -0.4166666666666667,
      -0.5,
      -2.3229166666666665,
      -1.1875,
      -1.0208333333333333
    ],
    "PT2_COREDe": [
      -9.5,
      -4.5,
      -5.708333333333333,
      -0.875,
      -4.708333333333333,
      -3.875,
      -5.395833333333333,
      -1.71875,
      -0.6770833333333334,
      -1.8541666666666667,
      -2.8984375,
      -2.0755208333333335,
      -3.9036458333333335,
      -3.7395833333333335,
      -2.1015625,
      -1.9986979166666667,
      0.16796875,
      0.026041666666666668,
      -0.2708333333333333,
      -0.6302083333333334,
      0.9322916666666666,
      -0.3333333333333333,
      -0.3958333333333333,
      -2.21875,
      -1.1458333333333333,
      -0.9479166666666666
    ],
    "PT3_COREDe": [
      -9.5,
      -4.166666666666667,
      -5.833333333333333,
      -0.875,
      -4.625,
      -3.875,
      -5.375,
      -1.6875,
      -0.6770833333333334,
      -1.8098958333333333,
      -2.8001302083333335,
      -2.046875,
      -3.8606770833333335,
      -3.734375,
      -2.1223958333333335,
      -2.0208333333333335,
      0.13802083333333334,
      0.016927083333333332,
      -0.3177083333333333,
      -0.6458333333333334,
      0.9427083333333334,
      -0.375,
      -0.375,
      -2.2604166666666665,
      -1.2083333333333333,
      -1.0208333333333333
    ],
    "PT3_COREUt": [
      -9.5,
      -4.5,
      -5.791666666666667,
      -0.875,
      -4.708333333333333,
      -3.875,
      -5.375,
      -1.6979166666666667,
      -0.6458333333333334,
      -1.8359375,
      -2.8626302083333335,
      -2.0755208333333335,
      -3.890625,
      -3.7213541666666665,
      -2.0442708333333335,
      -1.96875,
      0.16015625,
      0.045572916666666664,
      -0.3125,
      -0.671875,
      0.8854166666666666,
      -0.3958333333333333,
      -0.4375,
      -2.28125,
      -1.1875,
      -1.0208333333333333
    ],
    "PT4_COREDe": [
      -9.5,
      -4.166666666666667,
      -5.833333333333333,
      -0.875,
      -4.625,
      -3.875,
      -5.375,
      -1.6875,
      -0.6666666666666666,
      -1.84375,
      -2.8463541666666665,
      -2.0703125,
      -3.8580729166666665,
      -3.7057291666666665,
      -2.03125,
      -1.9479166666666667,
      0.18098958333333334,
      0.0859375,
      -0.23958333333333334,
      -0.59375,
      0.953125,
      -0.4166666666666667,
      -0.4583333333333333,
      -2.2916666666666665,
      -1.25,
      -1.0416666666666667
    ]
  },
  "CC_temptation": {
    "base": [
      -8.5,
      -4.0,
      -5.875,
      -0.75,
      -4.75,
      -3.7083333333333335,
      -5.875,
      -2.0416666666666665,
      -1.2604166666666667,
      -2.390625,
      -3.4866536458333335,
      -2.0004069010416665,
      -4.296875,
      -2.556640625,
      -0.71875,
      -1.4739583333333333,
      -0.4166666666666667,
      0.2838541666666667,
      0.7083333333333334,
      -0.9322916666666666,
      0.9010416666666666,
      -0.8958333333333334,
      -1.53125,
      -1.3541666666666667,
      -0.8958333333333334,
      -0.6666666666666666
    ],
    "PT2_COREDe": [
      -8.5,
      -4.0,
      -5.916666666666667,
      -0.75,
      -4.75,
      -3.75,
      -5.90625,
      -2.03125,
      -1.2604166666666667,
      -2.4231770833333335,
      -3.4635416666666665,
      -1.9862467447916667,
      -4.270833333333333,
      -2.541015625,
      -0.75,
      -1.4713541666666667,
      -0.4427083333333333,
      0.203125,
      0.6145833333333334,
      -0.9635416666666666,
      0.875,
      -0.9375,
      -1.5833333333333333,
      -1.4583333333333333,
      -0.9166666666666666,
      -0.6875
    ],
    "PT3_COREDe": [
      -8.5,
      -4.0,
      -5.833333333333333,
      -0.75,
      -4.75,
      -3.75,
      -5.90625,
      -2.03125,
      -1.2395833333333333,
      -2.3763020833333335,
      -3.4609375,
      -1.9758809407552083,
      -4.260416666666667,
      -2.5592447916666665,
      -0.7395833333333334,
      -1.49609375,
      -0.4661458333333333,
      0.21744791666666666,
      0.65625,
      -0.96875,
      0.84375,
      -0.9166666666666666,
      -1.5,
      -1.4270833333333333,
      -0.875,
      -0.6458333333333334
    ],
    "PT3_COREUt": [
      -8.5,
      -4.333333333333333,
      -5.958333333333333,
      -0.75,
      -4.75,
      -3.7083333333333335,
      -5.885416666666667,
      -2.03125,
      -1.2708333333333333,
      -2.3958333333333335,
      -3.4954427083333335,
      -2.0152994791666665,
      -4.276041666666667,
      -2.5813802083333335,
      -0.7604166666666666,
      -1.4674479166666667,
      -0.4505208333333333,
      0.203125,
      0.65625,
      -0.9166666666666666,
      0.875,
      -0.8541666666666666,
      -1.5104166666666667,
      -1.3645833333333333,
      -0.8541666666666666,
      -0.6666666666666666
    ],
    "PT4_COREDe": [
      -8.5,
      -4.5,
      -5.875,
      -0.75,
      -4.75,
      -3.75,
      -5.885416666666667,
      -2.0208333333333335,
      -1.28125,
      -2.40625,
      -3.5091145833333335,
      -2.00390625,
      -4.309895833333333,
      -2.5608723958333335,
      -0.7083333333333334,
      -1.4713541666666667,
      -0.4479166666666667,
      0.23567708333333334,
      0.6770833333333334,
      -0.9583333333333334,
      0.859375,
      -0.9375,
      -1.5625,
      -1.34375,
      -0.875,
      -0.6458333333333334
    ]
  },
  "CD_punished": {
    "base": [
      -9.5,
      -4.5,
      -5.75,
      -0.875,
      -4.625,
      -3.75,
      -5.354166666666667,
      -1.6041666666666667,
      -0.5625,
      -1.96875,
      -2.916015625,
      -2.0052083333333335,
      -3.7838541666666665,
      -3.1940104166666665,
      -1.3098958333333333,
      -1.4076334635416667,
      -0.01708984375,
      -0.026041666666666668,
      -0.052083333333333336,
      -1.734375,
      -0.3802083333333333,
      -1.4166666666666667,
      -2.5520833333333335,
      -2.6666666666666665,
      -1.25,
      -0.9270833333333334
    ],
    "PT2_COREDe": [
      -9.5,
      -4.5,
      -5.833333333333333,
      -0.875,
      -4.708333333333333,
      -3.75,
      -5.375,
      -1.5833333333333333,
      -0.5416666666666666,
      -1.9739583333333333,
      -2.908203125,
      -1.9895833333333333,
      -3.7578125,
      -3.2005208333333335,
      -1.3880208333333333,
      -1.46923828125,
      -0.06477864583333333,
      -0.059407552083333336,
      -0.13541666666666666,
      -1.7916666666666667,
      -0.359375,
      -1.375,
      -2.5104166666666665,
      -2.6979166666666665,
      -1.2291666666666667,
      -0.8958333333333334
    ],
    "PT3_COREDe": [
      -9.5,
      -4.5,
      -5.833333333333333,
      -0.875,
      -4.75,
      -3.75,
      -5.375,
      -1.59375,
      -0.5208333333333334,
      -2.0078125,
      -2.9153645833333335,
      -1.9947916666666667,
      -3.7265625,
      -3.203125,
      -1.4114583333333333,
      -1.4869791666666667,
      -0.042317708333333336,
      -0.0390625,
      -0.11458333333333333,
      -1.8229166666666667,
      -0.421875,
      -1.4375,
      -2.5416666666666665,
      -2.6666666666666665,
      -1.2083333333333333,
      -0.8645833333333334
    ],